{"data_time": 0.004116642999861142, "eta_seconds": 152.55193030001465, "fast_rcnn/cls_accuracy": 0.6953125, "fast_rcnn/false_negative": 0.3864889705882353, "fast_rcnn/fg_cls_accuracy": 0.6135110294117647, "iteration": 19, "loss_box_reg": 0.6962548792362213, "loss_cls": 0.6442952752113342, "loss_mask": 0.6885575950145721, "loss_rpn_cls": 0.012936585117131472, "loss_rpn_loc": 0.003866820130497217, "lr": 1.60675e-05, "mask_rcnn/accuracy": 0.8059520809331797, "mask_rcnn/false_negative": 0.055713188980759845, "mask_rcnn/false_positive": 0.23301780015958468, "rank_data_time": 0.004116642999861142, "roi_head/num_bg_samples": 105.0, "roi_head/num_fg_samples": 23.0, "rpn/num_neg_anchors": 249.5, "rpn/num_pos_anchors": 6.5, "time": 0.5448283225000523, "total_loss": 2.029597250453662}
{"data_time": 0.004391015999999581, "eta_seconds": 140.79849693001051, "fast_rcnn/cls_accuracy": 0.86328125, "fast_rcnn/false_negative": 0.6991869918699187, "fast_rcnn/fg_cls_accuracy": 0.30081300813008127, "iteration": 39, "loss_box_reg": 0.5882543623447418, "loss_cls": 0.5305928587913513, "loss_mask": 0.5965522527694702, "loss_rpn_cls": 0.06433269381523132, "loss_rpn_loc": 0.00824184250086546, "lr": 3.2717500000000007e-05, "mask_rcnn/accuracy": 0.8690771447467875, "mask_rcnn/false_negative": 0.00039737057036547563, "mask_rcnn/false_positive": 0.3384261344473819, "rank_data_time": 0.004391015999999581, "roi_head/num_bg_samples": 105.5, "roi_head/num_fg_samples": 22.5, "rpn/num_neg_anchors": 245.5, "rpn/num_pos_anchors": 10.5, "time": 0.5301820029999362, "total_loss": 1.739250028738752}
{"data_time": 0.004494835000059538, "eta_seconds": 127.38310068003557, "fast_rcnn/cls_accuracy": 0.818359375, "fast_rcnn/false_negative": 0.9580439814814814, "fast_rcnn/fg_cls_accuracy": 0.04195601851851852, "iteration": 59, "loss_box_reg": 0.6725910305976868, "loss_cls": 0.4319244921207428, "loss_mask": 0.4855620414018631, "loss_rpn_cls": 0.02171474974602461, "loss_rpn_loc": 0.008696724195033312, "lr": 4.93675e-05, "mask_rcnn/accuracy": 0.8869967629909106, "mask_rcnn/false_negative": 0.0006676068062744388, "mask_rcnn/false_positive": 0.3283120302926332, "rank_data_time": 0.004494835000059538, "roi_head/num_bg_samples": 103.5, "roi_head/num_fg_samples": 24.5, "rpn/num_neg_anchors": 244.5, "rpn/num_pos_anchors": 11.5, "time": 0.5239142295001784, "total_loss": 1.6425579763017595}
{"data_time": 0.004096278499901018, "eta_seconds": 114.55629998999484, "fast_rcnn/cls_accuracy": 0.83203125, "fast_rcnn/false_negative": 0.8558372641509434, "fast_rcnn/fg_cls_accuracy": 0.1441627358490566, "iteration": 79, "loss_box_reg": 0.7177844047546387, "loss_cls": 0.36706991493701935, "loss_mask": 0.3668619245290756, "loss_rpn_cls": 0.023146383464336395, "loss_rpn_loc": 0.00890984944999218, "lr": 6.60175e-05, "mask_rcnn/accuracy": 0.9204351502383741, "mask_rcnn/false_negative": 0.0007566170562861251, "mask_rcnn/false_positive": 0.2131831736412496, "rank_data_time": 0.004096278499901018, "roi_head/num_bg_samples": 101.0, "roi_head/num_fg_samples": 27.0, "rpn/num_neg_anchors": 244.75, "rpn/num_pos_anchors": 11.25, "time": 0.4903060420001566, "total_loss": 1.4963221615180373}
{"data_time": 0.0041573544997390854, "eta_seconds": 104.44401509998897, "fast_rcnn/cls_accuracy": 0.880859375, "fast_rcnn/false_negative": 0.6736444749485244, "fast_rcnn/fg_cls_accuracy": 0.32635552505147564, "iteration": 99, "loss_box_reg": 0.6999572217464447, "loss_cls": 0.29988181591033936, "loss_mask": 0.3122841715812683, "loss_rpn_cls": 0.011242409236729145, "loss_rpn_loc": 0.010056025814265013, "lr": 8.266750000000001e-05, "mask_rcnn/accuracy": 0.9311051693404635, "mask_rcnn/false_negative": 0.0027375431527040905, "mask_rcnn/false_positive": 0.20044397458365265, "rank_data_time": 0.0041573544997390854, "roi_head/num_bg_samples": 102.5, "roi_head/num_fg_samples": 25.5, "rpn/num_neg_anchors": 242.25, "rpn/num_pos_anchors": 13.75, "time": 0.5375990544998785, "total_loss": 1.3030438423156738}
{"data_time": 0.004048574500075119, "eta_seconds": 94.30456131003211, "fast_rcnn/cls_accuracy": 0.939453125, "fast_rcnn/false_negative": 0.27518593644354294, "fast_rcnn/fg_cls_accuracy": 0.7248140635564571, "iteration": 119, "loss_box_reg": 0.6156076490879059, "loss_cls": 0.2312697321176529, "loss_mask": 0.22618038952350616, "loss_rpn_cls": 0.018437812104821205, "loss_rpn_loc": 0.008039824664592743, "lr": 9.93175e-05, "mask_rcnn/accuracy": 0.9510868255369007, "mask_rcnn/false_negative": 0.0040065561863345065, "mask_rcnn/false_positive": 0.13156204635226695, "rank_data_time": 0.004048574500075119, "roi_head/num_bg_samples": 102.0, "roi_head/num_fg_samples": 26.0, "rpn/num_neg_anchors": 242.75, "rpn/num_pos_anchors": 13.25, "time": 0.5656796915000086, "total_loss": 1.1649959310889244}
{"data_time": 0.00431302850006432, "eta_seconds": 83.88756712000031, "fast_rcnn/cls_accuracy": 0.96484375, "fast_rcnn/false_negative": 0.13228438228438227, "fast_rcnn/fg_cls_accuracy": 0.8677156177156178, "iteration": 139, "loss_box_reg": 0.5341726541519165, "loss_cls": 0.18213379383087158, "loss_mask": 0.1706548109650612, "loss_rpn_cls": 0.020226912572979927, "loss_rpn_loc": 0.005912515334784985, "lr": 0.0001159675, "mask_rcnn/accuracy": 0.96783165906114, "mask_rcnn/false_negative": 0.006497174971679354, "mask_rcnn/false_positive": 0.08192843407530068, "rank_data_time": 0.00431302850006432, "roi_head/num_bg_samples": 105.0, "roi_head/num_fg_samples": 23.0, "rpn/num_neg_anchors": 244.25, "rpn/num_pos_anchors": 11.75, "time": 0.534497524499784, "total_loss": 0.9296147604472935}
{"data_time": 0.00420236200011459, "eta_seconds": 73.40162123000027, "fast_rcnn/cls_accuracy": 0.958984375, "fast_rcnn/false_negative": 0.08900226757369614, "fast_rcnn/fg_cls_accuracy": 0.9109977324263039, "iteration": 159, "loss_box_reg": 0.5370480716228485, "loss_cls": 0.1563509777188301, "loss_mask": 0.15331947058439255, "loss_rpn_cls": 0.020686056464910507, "loss_rpn_loc": 0.008153124712407589, "lr": 0.0001326175, "mask_rcnn/accuracy": 0.9602659048313202, "mask_rcnn/false_negative": 0.008019882657343358, "mask_rcnn/false_positive": 0.08594885524779375, "rank_data_time": 0.00420236200011459, "roi_head/num_bg_samples": 102.25, "roi_head/num_fg_samples": 25.75, "rpn/num_neg_anchors": 245.25, "rpn/num_pos_anchors": 10.75, "time": 0.5228715824998744, "total_loss": 0.9026861187594477}
{"data_time": 0.004078146500205548, "eta_seconds": 62.80645728000309, "fast_rcnn/cls_accuracy": 0.97265625, "fast_rcnn/false_negative": 0.06828703703703703, "fast_rcnn/fg_cls_accuracy": 0.931712962962963, "iteration": 179, "loss_box_reg": 0.4646627753973007, "loss_cls": 0.11867418140172958, "loss_mask": 0.12356045842170715, "loss_rpn_cls": 0.015327352099120617, "loss_rpn_loc": 0.009594496805220842, "lr": 0.0001492675, "mask_rcnn/accuracy": 0.9634902686403508, "mask_rcnn/false_negative": 0.011582221346804223, "mask_rcnn/false_positive": 0.07770966407429394, "rank_data_time": 0.004078146500205548, "roi_head/num_bg_samples": 100.25, "roi_head/num_fg_samples": 27.75, "rpn/num_neg_anchors": 243.5, "rpn/num_pos_anchors": 12.5, "time": 0.5098930580002161, "total_loss": 0.7539890661719255}
{"data_time": 0.0045625000002473826, "eta_seconds": 52.30040790002022, "fast_rcnn/cls_accuracy": 0.970703125, "fast_rcnn/false_negative": 0.052272727272727276, "fast_rcnn/fg_cls_accuracy": 0.9477272727272728, "iteration": 199, "loss_box_reg": 0.31755077838897705, "loss_cls": 0.09210458397865295, "loss_mask": 0.10470873489975929, "loss_rpn_cls": 0.008502821205183864, "loss_rpn_loc": 0.007109420839697123, "lr": 0.0001659175, "mask_rcnn/accuracy": 0.9710408834586466, "mask_rcnn/false_negative": 0.014314702329009464, "mask_rcnn/false_positive": 0.05560020699452145, "rank_data_time": 0.0045625000002473826, "roi_head/num_bg_samples": 100.75, "roi_head/num_fg_samples": 27.25, "rpn/num_neg_anchors": 246.25, "rpn/num_pos_anchors": 9.75, "time": 0.5186741674997393, "total_loss": 0.5601645044516772}
{"data_time": 0.004209341500200026,