{"data_time": 0.0037551745003838732, "eta_seconds": 3.597396764998848, "fast_rcnn/cls_accuracy": 1.0, "iteration": 19, "loss_box_reg": 0.0, "loss_cls": 0.21858599036931992, "loss_mask": 0.0, "loss_rpn_cls": 0.2764756679534912, "loss_rpn_loc": 0.09367290511727333, "lr": 0.0006337, "rank_data_time": 0.0037551745003838732, "roi_head/num_bg_samples": 128.0, "roi_head/num_fg_samples": 0.0, "rpn/num_neg_anchors": 196.5, "rpn/num_pos_anchors": 59.5, "time": 0.3597396764998848, "total_loss": 0.5435631461441517}
{"data_time": 0.0038103494998722454, "eta_seconds": 0.0, "fast_rcnn/cls_accuracy": 1.0, "iteration": 29, "loss_box_reg": 0.0, "loss_cls": 0.01108382223173976, "loss_mask": 0.0, "loss_rpn_cls": 0.15748637169599533, "loss_rpn_loc": 0.08297262713313103, "lr": 0.0009667, "rank_data_time": 0.0038103494998722454, "roi_head/num_bg_samples": 128.0, "roi_head/num_fg_samples": 0.0, "rpn/num_neg_anchors": 199.0, "rpn/num_pos_anchors": 57.0, "time": 0.35665069649985526, "total_loss": 0.27949323260691017}
{"data_time": 0.004067447000124957, "eta_seconds": 115.21609119999994, "fast_rcnn/cls_accuracy": 0.8583984375, "iteration": 19, "loss_box_reg": 0.0, "loss_cls": 0.6037364304065704, "loss_mask": 0.0, "loss_rpn_cls": 0.6331809461116791, "loss_rpn_loc": 0.10281495377421379, "lr": 6.427e-05, "rank_data_time": 0.004067447000124957, "roi_head/num_bg_samples": 512.0, "roi_head/num_fg_samples": 0.0, "rpn/num_neg_anchors": 196.5, "rpn/num_pos_anchors": 59.5, "time": 0.4114860399999998, "total_loss": 1.361421175301075}
{"data_time": 0.0039037650003592717, "eta_seconds": 108.44256904001668, "fast_rcnn/cls_accuracy": 1.0, "iteration": 39, "loss_box_reg": 0.0, "loss_cls": 0.1845957487821579, "loss_mask": 0.0, "loss_rpn_cls": 0.20769324898719788, "loss_rpn_loc": 0.08165904879570007, "lr": 0.00013087000000000003, "rank_data_time": 0.0039037650003592717, "roi_head/num_bg_samples": 512.0, "roi_head/num_fg_samples": 0.0, "rpn/num_neg_anchors": 200.0, "rpn/num_pos_anchors": 56.0, "time": 0.4214175129995965, "total_loss": 0.46475930884480476}
{"data_time": 0.00401350049969551, "eta_seconds": 99.30362831997627, "fast_rcnn/cls_accuracy": 1.0, "iteration": 59, "loss_box_reg": 0.0, "loss_cls": 0.034690613858401775, "loss_mask": 0.0, "loss_rpn_cls": 0.11988749727606773, "loss_rpn_loc": 0.08015122264623642, "lr": 0.00019747, "rank_data_time": 0.00401350049969551, "roi_head/num_bg_samples": 512.0, "roi_head/num_fg_samples": 0.0, "rpn/num_neg_anchors": 199.0, "rpn/num_pos_anchors": 57.0, "time": 0.4108154810000997, "total_loss": 0.23047917382791638}
{"data_time": 0.003912019499693997, "eta_seconds": 90.34518492991083, "fast_rcnn/cls_accuracy": 1.0, "iteration": 79, "loss_box_reg": 0.0, "loss_cls": 0.00916395615786314, "loss_mask": 0.0, "loss_rpn_cls": 0.09406424313783646, "loss_rpn_loc": 0.07687663659453392, "lr": 0.00026407, "rank_data_time": 0.003912019499693997, "roi_head/num_bg_samples": 512.0, "roi_head/num_fg_samples": 0.0, "rpn/num_neg_anchors": 196.5, "rpn/num_pos_anchors": 59.5, "time": 0.3902859715003615, "total_loss": 0.18430569511838257}
{"data_time": 0.00389721549981914, "eta_seconds": 81.86120350001147, "fast_rcnn/cls_accuracy": 1.0, "iteration": 99, "loss_box_reg": 0.0, "loss_cls": 0.004218042595311999, "loss_mask": 0.0, "loss_rpn_cls": 0.06216754391789436, "loss_rpn_loc": 0.07139012590050697, "lr": 0.00033067000000000003, "rank_data_time": 0.00389721549981914, "roi_head/num_bg_samples": 512.0, "roi_head/num_fg_samples": 0.0, "rpn/num_neg_anchors": 201.5, "rpn/num_pos_anchors": 54.5, "time": 0.3940802524994069, "total_loss": 0.1458564120111987}
{"data_time": 0.0037783220000164874, "eta_seconds": 73.6263060300007, "fast_rcnn/cls_accuracy": 1.0, "iteration": 119, "loss_box_reg": 0.0, "loss_cls": 0.002478955895639956, "loss_mask": 0.0, "loss_rpn_cls": 0.057911159470677376, "loss_rpn_loc": 0.06281640194356441, "lr": 0.00039727, "rank_data_time": 0.0037783220000164874, "roi_head/num_bg_samples": 512.0, "roi_head/num_fg_samples": 0.0, "rpn/num_neg_anchors": 203.25, "rpn/num_pos_anchors": 52.75, "time": 0.4032440430000861, "total_loss": 0.12932729354361072}
{"data_time": 0.003862066999772651, "eta_seconds": 65.48896280000918, "fast_rcnn/cls_accuracy": 1.0, "iteration": 139, "loss_box_reg": 0.0, "loss_cls": 0.0016074185841716826, "loss_mask": 0.0, "loss_rpn_cls": 0.043447718024253845, "loss_rpn_loc": 0.07071439176797867, "lr": 0.00046387, "rank_data_time": 0.003862066999772651, "roi_head/num_bg_samples": 512.0, "roi_head/num_fg_samples": 0.0, "rpn/num_neg_anchors": 195.5, "rpn/num_pos_anchors": 60.5, "time": 0.41519012149956325, "total_loss": 0.11324206547578797}
{"data_time": 0.0037702360000366753, "eta_seconds": 57.38085101006618, "fast_rcnn/cls_accuracy": 1.0, "iteration": 159, "loss_box_reg": 0.0, "loss_cls": 0.0012767871958203614, "loss_mask": 0.0, "loss_rpn_cls": 0.03790762089192867, "loss_rpn_loc": 0.06509512662887573, "lr": 0.00053047, "rank_data_time": 0.0037702360000366753, "roi_head/num_bg_samples": 512.0, "roi_head/num_fg_samples": 0.0, "rpn/num_neg_anchors": 194.5, "rpn/num_pos_anchors": 61.5, "time": 0.4132132424997508, "total_loss": 0.10393317131092772}
{"data_time": 0.003798388499944849, "eta_seconds": 48.87709169997834, "fast_rcnn/cls_accuracy": 1.0, "iteration": 179, "loss_box_reg": 0.0, "loss_cls": 0.0008854513871483505, "loss_mask": 0.0, "loss_rpn_cls": 0.030946755781769753, "loss_rpn_loc": 0.057614654302597046, "lr": 0.00059707, "rank_data_time": 0.003798388499944849, "roi_head/num_bg_samples": 512.0, "roi_head/num_fg_samples": 0.0, "rpn/num_neg_anchors": 199.0, "rpn/num_pos_anchors": 57.0, "time": 0.39745757800028514, "total_loss": 0.08982003631535918}
{"data_time": 0.0038821660004941805, "eta_seconds": 40.836385849979706, "fast_rcnn/cls_accuracy": 1.0, "iteration": 199, "loss_box_reg": 0.0, "loss_cls": 0.0007298067212104797, "loss_mask": 0.0, "loss_rpn_cls": 0.025429584085941315, "loss_rpn_loc": 0.04947355203330517, "lr": 0.00066367, "rank_data_time": 0.0038821660004941805, "roi_head/num_bg_samples": 512.0, "roi_head/num_fg_samples": 0.0, "rpn/num_neg_anchors": 199.25, "rpn/num_pos_anchors": 56.75, "time": 0.4128630305003753, "total_loss": 0.07807229078025557}
{"data_time": 0.003864219499973842, "eta_seconds": 32.722802680000314, "fast_rcnn/cls_accuracy": 1.0, "iteration": 219, "loss_box_reg": 0.0, "loss_cls": 0.000534954946488142, "loss_mask": 0.0, "loss_rpn_cls": 0.0191691592335701, "loss_rpn_loc": 0.04769657924771309, "lr": 0.00073027, "rank_data_time": 0.003864219499973842, "roi_head/num_bg_samples": 512.0, "roi_head/num_fg_samples": 0.0, "rpn/num_neg_anchors": 200.5, "rpn/num_pos_anchors": 55.5, "time": 0.416356916499808, "total_loss": 0.06756746550672688}
{"data_time": 0.003819920500063745, "eta_seconds": 24.53181983999457, "fast_rcnn/cls_accuracy": 1.0, "iteration": 239, "loss_box_reg": 0.0, "loss_cls": 0.0003897235437761992, "loss_mask": 0.0, "loss_rpn_cls": 0.017314061522483826, "loss_rpn_loc": 0.05381997302174568, "lr": 0.00079687, "rank_data_time": 0.003819920500063745, "roi_head/num_bg_samples": 512.0, "roi_head/num_fg_samples": 0.0, "rpn/num_neg_anchors": 194.25, "rpn/num_pos_anchors": 61.75, "time": 0.4016936474999966, "total_loss": 0.07515331101603806}
{"data_time": 0.0038741244998163893, "eta_seconds": 16.361401340000157, "fast_rcnn/cls_accuracy": 1.0, "iteration": 259, "loss_box_reg": 0.0, "loss_cls": 0.0004244562587700784, "loss_mask": 0.0, "loss_rpn_cls": 0.01653120666742325, "loss_rpn_loc": 0.04433013126254082, "lr": 0.00086347, "rank_data_time": 0.0038741244998163893, "roi_head/num_bg_samples": 512.0, "roi_head/num_fg_samples": 0.0, "rpn/num_neg_anchors": 200.5, "rpn/num_pos_anchors": 55.5, "time": 0.41746107899962226, "total_loss": 0.06316552206408232}
{"data_time": 0.003856484499920043, "eta_seconds": 8.17727327999819, "fast_rcnn/cls_accuracy": 1.0, "iteration": 279, "loss_box_reg": 0.0, "loss_cls": 0.0003532980044838041, "loss_mask": 0.0, "loss_rpn_cls": 0.012257243506610394, "loss_rpn_loc": 0.04672681540250778,